id,shares
32340,3751.6089731796
10480,4106.877631721686
15370,1924.36653056711
31592,1459.3788156257517
198,3631.403203114874
37834,2714.179578804211
624,2722.8807409654987
22135,6290.752474314645
29798,2615.5862323914143
32896,3260.3458389282114
2300,3170.2402382724495
30178,3862.326856438148
2645,2124.9830743151424
23144,1790.684684659285
1395,2607.6251501535194
8445,3777.112169151365
3530,2121.752514485005
8059,2340.07514141084
20432,5202.058525112499
15825,3724.9383712235003
34274,2360.9759835452337
26753,7615.910796762867
853,4982.8475082573095
29269,2475.468751547576
9918,2733.1665564907717
11011,4860.203541316244
1673,4788.561049763114
13059,1844.9312848498387
8191,3729.12294779855
32807,2523.1140831636303
37209,3766.520959756497
32692,1972.2978881000852
29901,3076.4030641139266
9845,5298.36093205567
4504,1751.0117374987135
29044,2518.430043829374
6056,4294.962175544653
32776,5141.235657929253
962,2135.412053693891
926,2884.1041784208746
31879,3158.0891023456647
9778,6825.718727194708
27329,1505.4016653895726
30713,2188.704020946549
14737,2307.922798559219
1962,2717.080213262231
16303,2578.966327017867
16046,5855.069832305526
37588,2275.353421465111
1291,5002.946244290159
12804,4830.935484749226
34125,2088.393911512812
32790,3733.2638916961637
25228,3096.330939895944
12994,3102.2234503515474
5853,1766.9466002025358
7369,3335.9884131793506
32962,2282.415021085393
2585,3390.710092400456
31649,2120.242324749769
29109,1578.2801219000671
27576,6735.363965029477
25786,3225.001639715437
4775,3140.503855037433
19620,2781.8973227738
34946,2424.6932005684926
26109,2896.239819086584
6340,2685.594061046726
33476,7288.735871703594
33044,5399.812963893671
3418,4795.78781021461
21513,2498.364689143656
24549,2819.989359517117
37323,2570.4784197797567
22261,3946.3809100268445
5001,2209.8299360186443
23873,2011.8666524492114
31775,3462.544034312085
7481,2144.682153700334
28443,2202.4325814847407
2265,2724.2174163649797
39257,3805.864555794917
28565,3047.132455292491
19234,3408.902363789373
19452,3330.9489773223063
35647,8253.03723786
1895,3292.7706701792854
33248,3518.8653974479776
19832,5017.415866066984
14100,2283.8763383244095
2055,3458.0326116923056
9040,4783.18614220827
24949,3670.1045486591
19682,3389.6370175736865
6747,4364.790268609657
36344,2961.3826772239554
14045,2075.8491032793218
37319,3675.816024863735
34942,2235.4400166055693
13438,1271.4735684877878
30088,5143.945349360545
29702,1961.1868758306728
23796,2662.072835590862
10339,5277.848933141013
39092,1816.8109041182777
23819,2442.9089094321257
18435,3162.2638122108538
34495,5537.109980714411
36082,3861.112329263643
29900,2581.1954683274143
8897,6199.618728712513
35932,2547.721710452017
6689,4114.080178663805
22702,4792.990578646275
13583,2473.260716575529
39559,2406.649235790861
27891,2648.4584320847816
25320,2451.5260912634976
32261,2455.4009588886233
38909,3634.7234574423737
2296,2027.3248474600307
9992,2838.216733788175
23788,2629.7553695164734
2825,2557.7389881216986
22667,5324.339084546331
18665,3493.60446226449
21342,3942.4522465121413
10026,4687.547022900159
21752,3899.4086798721173
36630,4515.847088843277
1457,3194.5297570554785
14673,5019.783527513994
16909,3030.6699847642467
38665,1770.7415945663765
15171,6054.077709838604
10861,3424.7209120278244
6735,2842.2550506114376
5525,1340.35935324484
35637,5167.583431500512
33813,2275.1636945138107
14660,2070.896705858593
1566,2514.329913155155
7237,8878.401268144713
26295,1173.4312556883974
4040,4555.497641414931
21024,2250.5056275758293
19855,2947.780808867951
32268,6556.255429069572
24598,3062.0650898015692
19812,1998.718440043968
18106,4810.904433635054
8124,3084.712125822361
16817,3290.070338876528
30904,4297.781116093663
1697,3425.773092218552
27893,4740.691524675263
34141,3612.055916764192
31444,2526.2535224246376
740,3943.867192294269
27694,2794.3100752775845
36826,2568.7356100286315
29399,3785.6187103237517
36820,2122.6967764723563
33074,2894.648481527145
7090,2501.2844257107417
19780,5677.245830738907
14867,1908.0961894152451
27217,2132.4660026663364
8844,2802.7606523803033
15789,2620.015177019971
13326,2086.0215367324836
27623,6537.554597682967
11206,2833.8863896289076
21720,2931.0138807011394
23277,1726.8962312002832
29581,3697.467930548774
29814,2962.95687283431
38378,2333.827790401555
30584,6107.461890664437
14474,6384.516698414893
22816,4870.910240506917
17979,5664.877897161588
33617,2971.502816291722
14948,2830.391815349711
3979,2646.162820464665
31427,3935.320448600619
1796,2275.9890104016936
6319,5372.51884130407
23263,2185.216291410711
38630,3838.4964820255836
24447,3678.8806134329798
31785,4302.94725080922
25134,1596.995941223034
550,5079.499895003676
1736,2387.460945354768
35574,4952.6368014487725
2935,5750.1351027421515
5715,1600.6947349952698
21273,3510.43390592935
24205,1626.1197602221812
9382,1637.1902482801984
21595,3735.7924924368526
5504,1924.6015460872854
36301,5674.435494633959
19224,3112.58801381028
24615,4391.503609282003
11547,2701.8235521172237
12728,3191.4980898105414
734,3002.5776699092107
17115,2763.056720791059
13695,1617.023413154642
5053,3520.9785836088554
28096,5254.9943122130935
14532,2967.121997642002
15018,2905.7890900165125
17497,2849.5995037607263
23976,2024.9671333767258
7947,3046.079484689751
16416,3354.1953796054163
27889,2661.373973714918
26897,4810.713499161964
38120,2905.797832299348
11128,2880.5893961539095
34984,2749.0188513865646
25024,2119.787482974451
15985,1753.8989890368903
8285,2610.5596349540606
13618,2310.8455465957018
28977,5268.359496242737
16811,5291.069012489265
30361,5018.16184670494
35471,2474.8820042114003
28447,4351.778309973826
26279,2380.110089203702
31051,4741.288327221877
21524,5028.1091355448
24998,1954.0292602714321
22100,3233.481099906093
7725,3460.607845636003
38122,3909.6690895824495
8592,3203.021973652572
14606,2696.116655151696
34181,5084.105011859223
13128,2068.032646847324
7755,2348.738608812891
20206,1100.5172348577457
25460,4476.91927311689
8648,2164.6936596742044
23343,5432.886534357758
28358,2239.5055644477243
21492,3943.791367741851
7298,2256.365253245976
30218,3517.184995526934
37790,2660.631759047889
33293,2835.188268070152
29448,4425.167370253008
31321,2690.1945164640542
16145,3396.4887516930075
4393,4948.343507289133
11181,3645.495252103025
7594,2428.2086942771152
13561,5094.656491303445
17902,5268.4098281375855
32813,3207.214075023011
22981,2536.7071872776282
38016,2318.0842261450425
12830,6683.729521057479
465,3122.3995090836906
14218,3503.086506297932
18345,5961.640024477067
5466,3270.460188863193
20274,4195.273249110703
12469,2550.5693991848457
2885,3535.5240306855285
28918,4656.887564968536
26093,2910.9346880327803
36499,2185.2495826439877
32274,2447.039964982849
31956,2920.557868660396
39075,5243.803287573229
21289,2517.30841847789
20785,5865.79222411244
24797,1954.3477443054987
34154,5793.215066885223
3886,5547.867323232555
31304,1950.3134978479618
17089,7736.495026396266
14553,3651.9574366572883
37524,4893.186200441465
4528,3939.617438439154
27850,1908.2078868736628
4068,5348.1180014335
18455,3492.410706518271
29410,4733.642603793098
21396,4282.420105061501
6662,1400.9000939287707
7033,3033.4479495301607
14018,3229.887017880007
30276,4642.72001060523
15884,2273.78977343563
19470,2001.8305998154358
16870,3343.528155962902
25248,5351.604481192708
11734,1255.6709251995062
7325,5370.709830245973
35467,4658.418628047659
2240,5298.932580832237
5382,2258.7011253131695
28069,4310.276935893922
37721,2315.701268260429
18647,3340.5290496415614
5667,2688.4885196211117
12133,4381.397303846016
15031,6781.172103927254
4401,2542.912131582328
109,2691.568446739312
7024,2802.2699972751197
33492,3202.775095374641
6427,2112.9466226310487
21345,5809.96780801199
38920,2895.357399801681
32817,2801.598581741539
29275,2236.044843523511
22179,1458.059175861847
3876,2089.5665426501064
25604,1900.8643587264469
12257,4476.693949385346
26538,2888.419208051525
21856,3765.6831487905088
22552,3272.4726491580823
18578,3437.326404458667
37970,2950.778758731682
22969,3145.4618949197497
6698,3874.561434014729
14836,5390.647632712659
15709,3753.4114276545406
33645,2306.6212823835353
33775,1139.596737923806
18189,6981.742814431484
14462,4724.922323912752
7759,2241.473501366412
23750,4316.31481781845
31674,1737.6740212964166
14417,2724.605815451163
29154,5555.761624438675
5011,3045.6491812024715
20261,1937.4362419887868
26722,2497.952778060114
36146,6951.254780004579
39156,4824.075157546653
2915,4472.4789393865
10146,2202.5160661738237
7528,3322.389233630261
35592,2580.8128292714446
20877,5907.149547617388
8612,1721.6546260730815
32561,4574.584296804362
5035,1889.2495791510835
32052,2325.235469703491
21482,2555.155300366946
39383,3062.7404982296507
6778,2472.615376971232
1536,2645.219230799987
30804,2729.1253972638456
13538,3077.420856889777
11816,3729.8580781106184
9562,2274.324238846586
38612,2264.970229412469
14064,4133.95358507201
21897,2616.423302189894
21553,3205.4207144260645
655,3353.8999039308837
14023,1570.1433103647792
24352,2846.452913417198
18712,4234.488374122738
18860,5455.63511327611
14177,4493.147379026916
31149,2266.732978327519
28031,5318.915803600481
2182,3639.323222922441
1413,2692.135622908451
36402,952.5370794940463
3108,3396.8404189570274
33863,3157.806217986653
33483,3083.2969220386462
22201,2345.8907853135624
14603,2257.4416780755446
22105,2462.497433221503
27969,1490.0214983027577
24501,4709.255024843553
40,2025.518074225028
21837,1977.3884501011948
10869,2899.2272913215347
3281,2613.440363407488
12949,2223.87820744923
33746,2286.941129288442
30399,3525.3775643270305
24576,3198.296477060141
12148,2529.9202793626446
35668,2635.685724943281
10182,2092.192875484177
29755,6205.972436954891
13653,2828.1146380317723
9898,3668.2708107354906
24460,2711.5806481123
30330,3511.138156917022
23033,2803.042758763319
5373,2153.018334086498
17078,5969.0973818249395
37177,2584.5261178644273
2863,2610.4597054639808
26151,2220.5588862918457
7388,3417.9920895546093
29614,4217.378243089206
37836,1915.306445372208
7714,2240.7445958775143
38050,3760.857745216234
14518,4368.705297938607
2464,5973.553701952551
3840,1832.6281368640657
38813,1666.4299675415891
24055,3425.981228530688
26676,3635.232769211288
27771,3205.1431875119724
34987,2253.9932368167333
7721,2431.56085422476
39284,3421.870572441367
7781,5672.93590448324
36579,2760.9315712301886
1451,3478.251469985657
29400,3138.3059572852308
7468,2173.6029846024676
6549,2545.434740217169
5821,1438.411213602205
22895,2758.2263509606328
28286,3657.933799792483
36548,4903.8023020802775
22646,2159.4650408927537
35302,4547.083226138442
27422,2910.129974604955
37048,5081.673452273303
4569,3432.488318399886
3715,2459.344883759239
14128,2126.1820930453514
35660,6504.544148626497
24940,3031.105711727442
6002,2909.8225262543474
6596,2976.1181957382196
3818,4959.870565043728
13205,1838.032153052452
8362,4187.617822988723
21063,3065.042722821642
17224,2556.2372421648397
27279,3163.525627175343
28594,2726.775506272535
34284,3125.732393808003
11947,4297.085855680011
19354,4158.320002075348
7949,1142.9004985194852
16264,2902.0157884199753
35983,4849.808473201693
3928,3172.0287292202147
31820,3864.577925773576
2325,2682.9975916991925
16410,2304.8781574757295
27634,2467.2198899654745
1398,1624.8652529674778
2276,3565.416667877911
14428,2984.5927414798407
25258,4005.2167775023536
23542,1683.493231415659
10491,6840.150012198205
33480,4093.382056297609
31483,4242.476310261125
5179,3175.1161186590325
11020,4890.936047362762
14897,3449.5467617968816
18760,5527.92200492068
30414,2127.729425188691
3604,3763.147142579035
25754,6137.533156510055
21189,2415.7644840474745
30899,2028.0447396874345
9398,4632.972287061159
10798,3203.6967860298923
4056,3638.91654814804
2814,1773.4798365956324
25587,1967.898456487053
31237,3438.6974785009966
28217,2573.923517606413
3885,3088.195826870839
36430,4357.459131594663
6969,1234.281770014828
35526,3482.923002369279
27806,2230.0010884280337
33206,5953.680786318505
5114,6099.567465566336
1670,3453.516719860189
13658,4275.216135119217
20129,2329.849070630787
14224,3615.0759536356177
3028,2602.2008643502327
3106,2878.4277482568664
5567,5796.4335427141705
5488,4122.5829234858975
8528,1795.4686565882128
31864,3674.494247023615
22347,2024.8755174638284
33382,2978.3420119046323
2299,2440.934159918662
17767,2893.083100887876
1483,2523.542927877961
70,4712.723895819112
9987,3063.399867109565
24997,2795.0534936042136
30542,2039.1681834879878
24166,2974.6576391687404
28646,1494.1190506307753
3018,1605.1996639351037
36774,1249.424864533455
33311,1936.770635535573
7974,3072.1646127211297
15381,2405.7248776641813
24156,2396.278548385213
21907,2870.9643034366054
23768,3665.891642177557
23090,2377.1524674355883
13802,1329.6717552629073
35067,2986.5920955380307
27956,3533.7765675061414
31109,3019.5680676403717
12607,3065.2104404264496
3581,2449.25108906669
23530,3682.487628596503
30366,3336.6247096838406
38084,3702.093242398347
11858,1455.2643427958874
36673,4186.194125601955
7945,2502.891437022644
16100,1317.854712150754
28133,7112.665100239476
22277,2443.3193446664486
4564,2090.1292584668386
35889,3164.738539564325
22569,4391.678194994213
11832,4876.456970187568
19124,5462.35908212142
4095,2504.77127334052
3942,2528.018814074562
17202,2738.9492112922903
38902,2710.19068547079
27059,3825.578622175572
9128,2598.031709267465
39255,4370.193087541925
4404,3353.512620658341
32780,5376.390373456076
28755,5812.661180162309
35035,2565.933524184144
1467,3384.639016327597
33633,4358.896501462215
20266,3032.7881248300587
21469,5302.551625577875
33959,2366.208754976102
32609,2133.0563164892474
4029,3242.453113156341
19268,2746.049230744312
2644,4535.952784555881
1278,4181.201178612065
33091,6315.027607950317
31295,1524.902538928542
24122,2662.1398965478156
22987,2223.279735620599
24706,3402.7027569728407
14646,2237.1959645585744
35028,3060.447044821488
12570,2331.6149948651955
17734,1319.905804554969
14907,5554.5569780683645
31043,6981.046729988546
35149,3240.9551040202414
28815,3379.215994138917
34506,5513.954848615176
18451,2750.2358455144313
14454,3167.475479655173
27093,4954.489240988418
26378,3175.751419198819
37351,3807.0821727224566
14276,3306.8976827385277
9263,2120.651614287547
5687,1993.069826786077
5401,4305.978557591836
37300,13722.218538216255
20135,2097.489007426334
35542,4180.944054574572
29898,3137.5069119362097
30543,3734.044318746055
27646,4564.694348753223
13581,4858.733631751567
8393,5050.352795234847
31666,4501.300514887553
36307,3159.8501723726863
27883,4451.346197606024
24275,4066.0780628331195
9737,1736.150667079894
33523,2421.3942251402636
27636,985.3495830768338
26353,1888.6554255328433
8421,2439.509238777935
38681,3025.2551127079346
24440,3400.378864539218
5306,3247.7507151621926
5503,2693.92998824919
34882,4162.328024166076
36975,1489.2885904249922
323,6582.939999281283
5553,2779.3976492220127
20416,4315.095727580813
28972,3543.348895417401
8019,4509.129886960012
13369,3493.0589743038795
24267,2747.7680457651386
32642,2113.2188139779405
24490,5873.673334170873
3935,4156.882797414813
11430,3151.613336158566
26187,3973.4637508524115
31506,3209.799035505322
15949,2935.9328831331945
36879,2772.0271478561544
20881,2316.888707297683
4160,5295.871282518301
26376,1569.5094230893478
13144,2146.001697661306
24601,2775.7837686797907
37906,4618.74252101083
5775,3723.072567580255
37966,2864.0241196709558
9064,1862.5420635010125
14514,3505.678445279406
36588,2786.5557324806227
15533,3060.504781431893
30525,3412.758495647522
608,4897.14317311112
7638,2520.1208635707053
29977,3027.908883163563
3852,3499.6592141604992
36592,3157.0386659891037
35671,5718.392228565498
2445,2070.921540474589
20582,5053.811429088904
39190,2808.6470238335723
10089,2180.5046474953047
11541,2746.3645416149034
19686,3508.852944188191
34260,2119.6274059255584
20675,2449.885118514965
20691,4714.215845497993
31527,4844.258387091304
31018,3660.932821334056
7201,3576.224437783329
35963,7806.050633526849
25444,3081.252239325753
25055,3796.412574605896
25300,2857.6683762665384
1453,4046.9711508579085
15491,3863.054890098716
30606,5122.349389173226
18085,8601.390396941006
28824,2873.8024448092165
21713,4109.250129806437
32948,3057.6883680322567
27393,2506.7954175488667
12678,3263.0365814215425
9929,3036.3001482935815
32079,2708.224993126481
20938,3248.7378063360966
1993,2903.25737706735
9192,2795.860568531808
30709,1313.5815038691526
28505,1925.6056366186772
967,1730.6827523610216
13302,3050.309110808186
22460,4070.4513825179624
8372,2789.315366162108
10877,2921.7998783582434
5501,1440.4942687844361
33157,3421.1040350726594
13151,2786.2775392147696
16540,2468.7271540953025
25911,3005.50091496165
21001,3770.65799385721
27406,5478.792120840217
36396,3988.137236009558
18046,4022.0605474813974
36736,3275.059038630624
22975,2585.092967544255
8904,2188.061996321686
6882,3212.778765770836
36259,1809.7107162262944
29224,3156.4945013272213
39521,3194.862901777845
9598,3222.3194372737985
18234,3910.9658427524964
16131,4849.590000225018
24651,3749.8696779297175
21466,5009.258952232258
30204,5968.446907753152
10171,4011.133885974845
31561,3155.9967319232574
6161,3457.8166325701127
2290,5896.18144507783
37604,2762.08751561441
36505,4743.997146141685
23469,4547.15485707636
22073,5377.173421053074
26591,3707.924860781044
7250,2927.4695205673142
6933,2431.840399454424
9060,2006.2653652440383
27621,3446.542446868132
16987,4094.31570564396
27705,1617.6037488302386
5100,2703.208431194854
30752,2820.2473395705306
35557,1400.4766787653316
5746,4972.052767009289
27170,4380.759968246144
18623,3388.282971863881
1503,5078.174732016797
5360,1982.4904852072968
13552,1859.1378019682554
19292,3383.483847708637
18686,3568.5657672602133
22565,2561.5662366172487
7779,2758.6713678376736
38840,3122.680247347421
21954,5502.0373118459875
5395,2418.713019897392
5286,2133.0319771677127
13604,6543.943052235384
14192,4572.00966700949
15965,3836.145020335038
37520,5406.969563413553
6573,3388.6545325698944
30839,6612.2888491098
14942,3299.65549995741
34052,5764.4230775289325
23505,5919.278163343457
28499,4308.039236781309
10045,4079.4200689815143
30380,6030.702921389819
8931,4090.119908109121
1213,3102.058400798647
15236,3366.074050956056
20909,3099.4812945533863
32603,6466.979037828523
34266,1554.0565549802384
19487,3760.8583094304695
314,3566.308159435413
29413,2518.291915382139
19577,3226.97335013675
311,2237.7312217946296
27517,2647.239677632406
13963,1973.3675743589708
10881,2695.477796397643
30906,5470.149817077423
35978,3619.4590196572576
23222,2557.7334058076294
2269,2919.7531691821323
23623,1916.3515512488216
3388,3499.7082083298674
27396,4603.453880041407
8406,2447.728515424318
14473,2893.656060753564
8494,2117.12944054313
31292,5905.1638179018955
12898,2016.9244397439263
37171,2675.2256646467267
13488,1496.851190320132
2279,3603.1232545903404
8480,4801.041767087315
30346,3835.299718461814
23725,1572.1573867826646
27319,1587.3348142901705
25432,5291.377393870183
38241,2766.5336189529703
7652,1298.0245674112593
38293,2476.454173851933
27618,2242.061838015345
30298,2882.414943027632
22894,3589.9705847530004
27739,2772.2970258235573
32242,2211.8777174137354
26492,2218.402997132872
35784,4669.064247205199
21495,2167.2910733292288
25847,4715.027958876767
23982,3836.393996087251
8658,3047.255588492285
34536,4338.303034206918
33208,4458.084510107531
30280,2604.3409581450896
36842,4563.552004759842
24550,3493.450149696921
29463,3596.968511855659
39172,2423.5249328646287
19776,5357.5031989571025
2952,2933.56482999632
35210,3422.7753916228053
953,3265.542523554469
29408,3756.894508638357
33182,2724.236071972825
24854,1895.8889170180641
5941,2806.750905123265
38484,1254.5964021726409
30413,4701.482312478567
13299,2405.245365183872
1763,2725.567566597526
24919,2827.9322990625724
16164,2463.254401581381
12361,5105.071157776228
7109,2563.395014315387
14729,2745.9291978363
16307,5913.729107296497
35919,2371.664737032037
28886,2615.9242736028586
20882,2880.953585846534
24100,2346.354609313809
25514,6004.613321572764
6039,3301.583465700934
7915,4425.957650021165
32797,2786.101177037867
33508,5891.444400373761
23637,2889.3507719063573
3693,1870.021368784476
29893,3079.218893938656
37662,3765.485644252915
8857,4389.3423542127175
15981,2439.9593885271984
21679,4414.478775803791
27582,2708.564128792398
4448,3023.2974884725713
5770,7647.995513049844
943,2031.5684508043355
17460,2919.9149543393387
5020,2557.7905981563326
27123,3827.1497620878795
28717,3995.821207045421
8560,2457.6747518964994
252,1416.5092285488436
22374,2047.1000198237716
15644,3851.976758562629
23258,5328.958281588408
8543,3304.9560969911845
18552,4670.372561698646
16423,3842.9323665936763
26379,6133.570315897979
15466,3510.9891800444143
4202,1935.9675889451496
8901,3300.1180142946837
5991,2228.7437398517814
35814,1814.7364695110064
16343,2496.9338586159115
4168,2349.5926614271
24002,2466.664354690612
13952,1597.3268906509038
16602,5392.736988879462
13991,1425.6546387468063
13966,2671.342948922642
31784,2702.9841459141953
3220,6530.846137733899
14675,3399.6588401477475
19304,5024.29521202621
27182,2990.692356467493
14889,4439.721461922994
28155,2874.1302345376344
24263,3079.753168406944
31176,2597.116559679204
13639,1888.9528202208724
24032,4039.1653296198815
10671,5554.292517312728
469,1870.1997259721584
36886,4084.6423119022434
24315,6089.261366234004
24375,2939.710345726567
30113,3612.9846821089113
15780,5522.180082580204
2149,4821.838892102967
20009,4744.532992601398
26009,4128.595888815928
14815,3672.9267983529903
38162,4254.761723545109
20071,4068.1227825779188
37388,3400.671322007798
31357,2948.652028288985
10506,1760.16427730507
1487,2547.0950399383273
2494,2840.3106900987777
7567,4927.648878506812
22036,5477.937815513413
26594,2712.955965164911
17503,3644.835525743312
144,2113.394998971635
33101,3144.6610569768663
35093,1978.3374348144032
3855,2138.23465042104
24735,2118.2252884657755
17425,1881.074393042437
34033,1420.6509057690835
30785,14313.207463629473
20227,3456.5991086185722
31139,2413.740917903181
22109,6190.951878814694
1174,4246.699640841605
9194,4373.6558504442055
3265,4786.993260815726
10562,2569.2131747846197
32579,2221.5169147437327
31473,1728.863200424572
20751,2930.4975926890306
22256,1702.747446981984
18652,3007.826290050526
33631,1204.998887175805
7335,2921.9193716167156
25480,2382.000316983588
38154,2390.907007801851
23891,5886.9102662173855
28081,3066.0158186277395
33889,1785.2780979335657
37266,3902.2374239913815
9976,4752.174983783302
23006,2350.206149905922
10890,1834.1251165290564
17176,6410.986895559623
5576,2508.402831547731
11300,4118.370346815977
12216,3072.25460366929
6424,3215.394839248899
2893,2547.6551000926847
12387,1425.0006024712236
17969,5216.607606468539
23712,2779.3818726152685
1911,2341.2889198048065
13458,2492.9271285378272
1900,2543.00236520058
19570,4010.149950945338
29787,5803.810385913164
9038,2415.022697004324
1033,3846.938266676241
9051,2397.8754837652605
39558,5822.097344278547
35611,4700.544211348656
15518,2998.328311996168
896,2784.6066545285285
16539,2917.2090756746966
7327,3354.176883873117
879,2886.652679513983
17120,3695.867355352279
26755,2405.3854354560713
7122,2310.7155576049886
36339,3988.9952645313842
39195,5348.2138766060325
11714,3082.341814902591
7416,2686.2964243700053
31162,2388.9927138510848
11839,4381.37249029829
7403,1178.892998262284
9761,1997.6713866170185
14257,4365.3920741910315
3000,6530.9782263762245
14006,1369.0749928907537
8508,2890.4302751382334
3835,2609.3642464311774
30437,3398.2846561057395
20088,2079.4011541122477
19725,2262.2821651279974
25468,2447.614466983193
5384,3034.191944888526
13800,2875.4902083357583
29822,5261.52260360965
11234,6214.406641226259
17291,2153.357979651361
32666,5568.779897717115
2743,4924.700413909153
26169,3338.528829106357
22069,2937.1018870612147
2541,1816.8922263723653
262,2255.8039091866895
39028,2828.0552271714614
21717,3014.976592300404
470,2630.160010749167
34959,3541.2800335816178
23120,3434.4741953671232
3419,1519.3471434558635
7613,2979.069148592506
23094,1855.6404111291247
31178,3031.6282952399843
31260,2905.8829868128623
37431,2562.1234749517625
20126,3400.435969054044
15497,3374.1298246857577
34505,5223.949767872947
33581,4398.526937965318
24360,3719.1368148496467
38358,2051.1627471321895
1557,2864.4215030933938
37317,4457.868334429626
28558,4749.290941768686
13,2330.6344696708347
26942,3011.639285872741
11925,4622.126767677572
8293,3018.5557906142535
10192,5194.282597858805
16674,2595.1375890560166
3168,3481.509368700665
23233,5012.137727166751
24894,2031.2939636613467
7969,1900.7479765686637
24353,4191.280951310591
26350,2246.5094086210493
3640,3892.17129462461
29897,2354.855292713962
11990,3404.361762203824
11198,1872.1226680881396
21502,3440.9458898065873
5471,3087.643023321555
16894,2797.314002309651
26237,5546.444292902346
12913,3499.373676023666
37224,2674.3180958065864
18113,1857.8240342802749
6013,4574.808103952273
1043,3175.170397161256
499,3090.5373285187516
4410,5342.799185891284
13649,3412.4448080596976
21191,2348.97681735516
27510,2613.836686407898
13282,3795.1001568331694
12725,4702.511986174659
31553,3399.6205633810996
25131,3514.1466728701707
2133,5243.934935576662
3875,2498.86712830319
12425,2496.3793944948384
28833,3845.1100761186362
19367,2255.9707244234082
5457,2209.2562484850205
14573,3962.358300436067
35261,5472.605007064335
24493,2853.3490133916025
36319,2091.86335646345
21046,754.8271411083333
12981,2996.0140108387627
1791,2429.5323306838222
21645,1744.9339276165701
37385,2316.5292356292875
18195,6170.222586549792
2608,2346.956619967793
37223,3138.148431811117
15938,1247.829011039642
19807,5546.604402740977
34327,4605.083546307369
3214,4976.2119961218905
1731,1850.6117279727764
1319,7146.240644143039
5676,2521.954869981851
21023,3013.2384981876803
23072,3381.553956946064
36977,6298.361259595442
22456,1964.463033793385
29600,5219.109687308021
35462,4422.913784296917
14682,3344.0778138222868
33255,2503.855812672481
31504,1964.5493294832174
18851,1957.52961360718
1930,4071.7449492632522
2158,2169.7659367511988
10263,3203.8577139010545
14927,2612.1835148876767
25379,3025.892862727304
37647,3462.592884917761
30100,2254.189659020303
17141,2796.148021516917
5847,6186.529903988677
33058,4023.332421104538
10017,1489.850593497612
3944,3397.120157442824
19351,3390.0313345104805
12509,2940.801655257612
26216,1801.511102702208
20050,3360.7849348909344
30427,2222.0172047459982
21721,3464.0368980712838
19150,2031.275065557485
26697,3105.946744444786
18525,2710.057735901111
14000,2477.8503802546693
6948,2762.175518651978
21060,884.1907645657002
596,1971.369130976813
12488,6240.337873473873
21244,5557.318768403115
1072,3743.506640554943
37537,2604.901560817144
2111,3385.4364548772337
3001,3504.9082880285823
10378,2422.8186417300385
22378,3492.716039280889
10829,2793.521035279494
1323,3336.9740886361906
32283,3607.9488860553033
24782,2890.7253507317087
26861,2526.703622011803
471,3329.439079143552
18742,2139.6286570225607
19152,2676.2923285617917
20216,1364.7835462854162
26537,3605.002621765556
33131,4900.95317616607
5159,2523.330161350468
6108,6822.976049859066
37280,2128.1043957007796
24413,5071.975347605375
35658,1800.4340711154898
22739,4931.746878140787
11806,2775.5797792614517
7149,1716.0997249796658
12152,2448.660341298348
17797,4152.303268994814
25583,2968.67121697413
16404,3363.6184833580655
11677,2835.275980726823
10035,3479.58553650966
12507,5661.509985092933
18716,2493.8351311537117
37860,2944.4593125736887
29908,3278.4427604062553
5134,2683.490088063808
26934,2548.0144630375703
5535,4461.598684119078
7040,5298.587241157476
10287,6029.0124986233295
16612,2270.867331707931
22875,5019.288265316588
428,2669.7831201602335
17365,4846.250465203459
24163,4309.152096726184
30008,2489.4774069917926
96,2932.9878115267784
7732,4827.342779413795
32372,3109.7069080199603
25777,1630.5532784664051
5071,2682.8724886039017
25119,3015.3155861854616
20060,3385.5125978286283
20228,1093.932668836078
16836,2260.206755450775
13270,3627.992442048084
28066,2002.8457017925061
34537,2818.275555607808
36913,4731.302942466595
37720,2897.7319536491477
217,3315.507648223428
22428,5827.478595962386
29071,3521.197806922261
6660,6420.347275445703
18492,3909.1772877754747
27119,3963.777679054836
30485,8224.198806842498
38397,2572.411920591176
36348,5784.3532863665405
22362,3106.94869716073
7811,4734.343453929739
21237,2508.992341523246
17265,4320.486399495888
8858,1842.3150663585898
7414,3602.21460461087
13705,2598.8107148224244
5170,1609.3452634013722
33041,3398.048997809475
33927,3472.140480654822
6821,2345.1186799435754
4157,3711.9011862519824
29559,4574.320336109971
24540,2440.437514989425
2851,3768.2078196599846
6418,4824.304182092401
37474,2870.9635516125627
39397,2494.0613482739254
9618,2607.246390034423
15967,4282.819628361096
447,2838.7426481089083
2830,2200.5456577574223
8274,1733.045865028352
38508,4248.535354296369
28837,4408.528816991858
29540,2263.649123588787
13611,1892.1408817488823
12119,2346.662480761728
16739,2660.812251144409
39588,2518.2065432466165
26638,1739.93716036264
13321,5084.822604885026
8099,5680.458316358264
4689,3139.1830180118595
35284,4776.7237638668275
8394,1812.5959504949908
13398,2000.415309509846
15656,4538.452782412161
31602,3349.7780598915497
22945,2401.263416018025
20110,2466.4186091186502
34996,4517.4577981097445
27699,4868.392817526293
686,3380.1499366032563
16966,2892.69097559504
15170,2620.575253045992
27274,5308.545594149262
1484,2907.418402874067
8355,2502.9217658888174
31638,4334.914963462651
38256,4151.310708880314
30469,3046.407135398245
19484,2819.3029404370527
13834,3108.878976826751
18967,2743.5567862139746
14584,2837.955144920233
25891,1203.2336176576905
10007,2490.1478356942816
7646,1710.0113534349025
31723,5050.9759771411445
584,1301.7910034995857
5325,1910.9581038130582
14149,3084.98504423356
31857,3464.940465961484
33292,1663.1729772382187
33167,2532.8954052354893
6282,1747.6049147536512
10455,2635.7175643442324
8357,3685.345185822471
13938,2891.3476292058053
29036,2708.9270450946924
26782,3766.4670749621723
38644,4598.491795970206
6149,4426.614783604055
25635,1856.5914055855765
18422,2985.612137561317
9036,3805.9638419010566
15267,2257.068781510028
22197,1360.2084785368017
26901,2336.5520091078415
3115,3745.7319098584585
15530,6209.398057626075
36353,921.4838977319696
5377,3203.980317203031
35494,4566.0891235822255
17982,3833.2823398554337
39108,2903.167654451714
724,1550.0198531819033
31386,2711.870329968303
25584,2894.8499864478276
18861,4047.1889757016343
15570,4737.774183768399
15252,2634.4226821847587
38425,3210.3302957518717
15842,2549.660273873849
22575,2509.8695516886373
38487,2037.5904178991696
38398,3804.6710834911773
35791,2733.66670800963
8829,2439.637189642697
32328,6032.965264302685
13685,3996.6584845801763
20737,2603.923989377515
3566,4695.558438465545
1464,3270.722411842652
37740,2830.939990570738
12461,2256.7358027674222
21640,3360.704318594494
31944,1208.2714591592085
8814,2363.758182056209
28334,1786.049346533513
38879,6064.4485968184645
37089,3970.976055323133
9270,2529.1542379481025
5342,2544.5041738956443
26344,2748.5319696803535
5045,3562.3494457107536
5925,2284.6792679148025
20742,5001.015010243025
5304,2607.3788863649434
1992,3516.4149442093844
12451,3238.2310176559463
22367,7190.653903962419
22854,3613.761830477806
31146,1819.445272907431
1023,3280.0623275916137
16135,2595.3249817586807
37586,3078.628303395363
35677,2522.7969721249074
19307,3202.7015624042847
21338,2448.5458624916682
26565,7245.428407030187
8489,3815.1751991657593
31797,3616.794851980266
1402,2425.3866684454238
13633,5853.320423405079
12338,3549.8856249974096
28163,3776.4268773708122
6401,2458.457563337339
12407,1632.908545720465
18943,1885.4778353216386
25132,4720.655986027983
1232,3159.4406811331514
4918,2141.7089089467145
38117,3554.790980291118
12896,2333.2302274748713
12168,4496.079013761508
33237,4773.040150986979
8474,2454.7799363014497
32166,2966.3966137019424
18392,3124.1700264235924
20166,2993.411320740312
33857,5965.734883848129
24695,4092.7733712274403
4193,4141.403392168618
31062,5372.063899641689
2331,4061.4925558727136
13594,3619.096967831177
28121,2067.430165742243
27465,4757.893954319695
34000,5195.120396032344
32585,3205.378161096877
23758,2661.6056202519985
1682,3249.7782441618533
1303,3367.7259276444283
2907,2959.451082312435
20062,3042.100907463745
7775,4402.715966331088
2308,2267.9943076809677
1392,2032.1157208286434
30195,2129.8465991976673
23269,1852.8277070478161
1687,2633.898782217904
5960,2024.9645991453865
21226,7114.013085237999
25969,2180.736554667132
23751,3019.641119418353
19265,1961.8562104878538
20571,5043.075149511176
7524,3192.8223475118625
25697,2624.222251932037
429,4166.59179424915
22782,2649.2884363562075
28681,2679.2208594225763
30642,1608.7019317370775
7980,2234.8595261175633
38739,3179.627836455993
12892,3205.2679611333597
38692,3179.520372894128
37170,5126.111385147999
5886,3207.4457181404205
25293,3340.1597893299336
33574,2593.4327352750515
15119,5076.425654382877
25001,2773.392467942386
8570,2586.608573560151
39618,2893.0407586641463
5421,2858.2372374919196
23571,1934.7245156890428
27666,2554.9569053440655
34301,2589.584557659843
33729,4712.940583536403
13847,1841.1959963788431
21401,5839.8738625708975
26509,2243.553238136992
3242,4519.684762655099
17023,2800.669666709564
30550,3081.35230936196
39536,2214.537402404749
12029,6774.246928868225
16856,3667.6503812887336
3102,2836.354062205345
10512,2375.975141228453
30135,9499.823726607756
27008,1656.0982916895691
6119,6727.4276269273
2322,3043.9019202420577
20077,2944.6943999507794
18671,3704.173701459855
15684,3767.1506478378124
263,3958.3567183391724
17928,1463.959337705876
273,5142.979862252268
16186,2398.1649524894447
36996,2234.5322890711514
37842,3171.84759776217
18765,2474.800703207624
35188,2632.7914959960635
37204,5168.446336682951
1194,2263.8205199699282
20958,2519.85944504924
31060,2658.995631276837
24383,2006.7703700567683
2980,2349.847542676579
16026,3811.0030287981876
16542,2036.5512951018663
3792,3299.8379148776175
15118,2642.8799358785586
29147,4400.899494152055
21668,3598.4392924147555
34102,3147.415839534829
26157,3088.00457247084
23677,4541.340681801867
30939,2282.468221787434
8982,2721.6644163352703
6985,6100.9531128014805
26410,3813.700507965491
6390,3389.52405244273
9055,1536.2437974023173
34978,5810.207169414368
39071,4644.136539520139
28951,1629.4526921313902
26693,1839.1606667687495
23966,4954.947084693912
11775,2416.56527753944
20926,5198.40013801335
1157,3198.769706157781
36737,4236.453688283566
23160,1960.7357634596037
7478,2085.742601323907
22632,3680.899275280528
35452,2223.3722863046864
37625,3061.906063311703
5757,3102.2191242621493
31742,4110.315862439523
26545,2946.3639013177676
2826,4296.957402333776
1829,2153.85510595494
12525,1994.6017017495478
34585,1783.869327411081
20845,5049.675042071829
38678,3355.404367550819
20869,2385.3622892002713
26166,6188.384411952878
30587,3050.5502392348267
35231,3685.4249373642965
6814,2486.2353036839986
36254,3093.446267981483
30074,3264.706006670222
23307,3581.8235624514314
343,1681.784004142359
10850,5504.40550768944
14956,3561.8082642729214
9397,6257.032001586893
15665,2243.97467279391
14406,2708.8936141905933
31207,5918.325582537725
36986,2074.2705082896478
15569,5330.0559410180285
30487,1452.7714123642559
12968,3158.2544273076237
6730,2079.339497611407
8565,2824.0417924052535
28591,2267.464074015283
8647,5899.663579201646
33315,2258.1263703791437
35523,2678.3026369655713
15181,3839.6558654639316
23353,3149.7984013076793
7427,2893.2295410214697
23038,1951.6838993548645
34639,2560.633075743098
18114,3263.7902575698827
26863,3888.1273673495375
12324,2461.0811580731747
20285,3694.3121953525906
32997,4354.4670227973165
17147,8038.501500453784
6065,2068.9586806756515
33348,5075.377608280842
31285,3533.3652798665607
6612,3367.432713764423
6324,5198.699955075606
505,4251.122565589005
17080,3510.636188621347
19025,2893.7955835810594
5198,1727.3357155609588
28745,2678.9732323388107
15590,2608.791848276561
19498,4213.645185080467
2231,1630.3728872437396
14876,2949.144094281216
22163,2156.704330349881
18879,1997.1403621887357
38499,2564.8045158604573
17736,4431.731693099437
26305,3367.941987648931
28520,5399.204656238954
31546,3290.63201172418
2362,6075.037411854659
33442,2100.419751102212
35235,5473.608550343877
18463,2895.1494031279235
3113,3263.9404441647334
322,1761.1277658260417
8194,1312.4814652131322
9876,4420.370196123011
15743,3615.5528250090583
39626,4187.255189721771
23500,2331.3940299815004
29145,2752.715925158772
8442,2471.998623161533
35922,1582.1798001648394
25015,3675.1108401803517
13625,1795.7092870906554
22324,5429.615504571539
7986,2637.8101573122694
15821,1511.3659009808064
8755,5543.566537053737
1426,3325.0639905196012
6018,3417.4984963739457
2757,3221.9920329241936
9682,6111.843745595433
3564,4451.852087624739
29957,2665.5222000240356
12724,2468.6535495281196
621,8856.284619720911
14768,3834.6258901986125
29612,4099.736688982469
27147,3502.703537967989
3049,2463.5304456428166
28455,3259.2797670383707
29085,3018.8023034328235
17941,2787.068994302843
13842,2537.51645252681
4932,4678.843339690033
32880,3269.1844373446893
31677,4735.399403586789
21441,2394.205899269279
2532,2910.078004717013
12604,4282.037509547776
19022,2390.3840483820536
27555,5951.130301347565
10984,3830.79864130882
7680,2930.220698286851
7954,4585.875081342541
24986,1977.4193791407451
13094,5511.196417880585
30228,2883.723631105164
13670,4828.573467443897
1784,2786.856527022667
8224,6175.032268985668
509,3336.9254388310223
32390,3359.089267970535
28826,3558.5535911871757
31686,3907.5136588128917
21108,3360.518169138731
32228,3019.354918679197
5815,1207.1976715096462
35973,2622.7086197255694
10650,3459.5156746498096
38492,3489.8280868166094
3063,1616.9039541402512
16696,3885.1469491429757
19443,6562.9713116787925
24380,2315.3440738987524
38058,2485.030141859263
29658,3381.4535049696983
18949,5034.127542648468
10915,3080.82327944653
33795,4125.784299225159
20379,5063.553092210999
18979,3047.5557109664283
4556,5476.727878786598
32554,4924.957766788579
9473,1659.3623658205024
18769,2584.3699489600103
19144,2467.550421755881
9169,3488.0329395826866
4285,5263.797314465551
4741,5919.450256774893
23890,3671.161642779136
2868,2842.1174719445253
33181,3419.4832029408108
1562,2687.267318603069
31803,2971.874848043577
24316,2592.4971491113465
23417,1653.7733214191842
7266,3858.7179438974863
27864,2467.864788089807
24396,3289.0671978057144
3461,5381.666969829941
3861,2148.2865077823913
37433,1873.220776226594
25919,4743.854222443471
2875,3059.8640403900426
35156,2851.5921474235643
31771,2138.5439624672654
26451,3746.749434163132
5683,3559.955014789193
32423,2536.6255641723956
17233,2064.8226833305544
22268,3368.4732804423365
14612,2908.772311189275
6666,3391.130759562199
6197,3000.8008677475773
21660,3168.344209606604
8889,5883.818693893112
20883,4735.032403074976
3615,3486.2556043231602
23935,2236.6776705773236
14307,3282.266737568682
22629,3482.2606570288967
36467,2596.007752932115
5227,3108.5012198078166
13063,2289.741847489875
35459,2731.889925378875
33251,3565.9316985940923
12248,973.9815901270185
29918,2734.959049866424
12833,2175.091056217717
5201,2550.3969466990648
31145,3579.8225953266087
18503,3614.168440393289
18980,5541.577994374201
2528,3426.4401837189616
29816,3085.077100123227
18918,2361.8318119580676
15069,5355.675819784781
22249,4848.661736777985
23518,6111.5352376138435
14702,3063.853417272903
21619,3964.2572686450353
34026,2267.314116072851
30248,2877.0433488949243
19536,3777.137293428474
9887,6689.625443223676
22971,6091.742964187977
23342,2568.708569287337
27704,2428.233628658745
15125,3035.3159783050705
17271,2543.933859827287
19793,5873.55234167548
5523,11944.893105468378
180,5051.938465237834
13064,3026.131214530895
34182,2154.5554495290157
1616,1795.0410495333078
20205,2596.933809577862
27385,2735.112792800263
12903,2979.0431578113967
39066,5635.3868880686
37827,2293.9491236093354
21759,2433.2612325434566
3104,2778.986877945421
32087,2606.39866946443
19341,1730.814821441382
18403,4213.319015663014
36594,3615.4967838881294
22704,4899.419676022004
9535,2380.633237567153
5857,3333.2745147503856
15353,3306.272645923623
1034,4034.2179234339214
8101,4100.5616627951695
10840,3095.5129092665966
8403,6338.666885704917
31928,2647.636181236612
24168,3798.3054382295277
16200,4739.836178904977
2635,3624.9956545406776
31023,2236.3200959755104
12611,2402.877489357092
34789,2952.7299565589924
14360,5925.233645254214
25197,2713.9423559908882
11449,2963.6518193900465
8845,2197.458909346529
37415,1200.1290573618203
32512,5988.385202846046
12784,2150.2649819393573
36811,1752.559677907595
4519,2420.9661051960347
31507,3695.158671096746
9538,3025.428141083455
26750,2189.4823368351654
38353,5417.031053165259
29815,4833.69590945253
31576,2851.1467708222876
20834,3706.9162208923576
18846,3386.8710891561277
16887,3542.30181022849
32110,4252.812910519777
7787,2613.962785875351
5548,4913.539334182625
18726,2529.032274174474
39230,2191.473340602199
31622,6833.377029977108
30549,3315.277406173578
26259,2381.937169151668
33644,3753.2319001759593
4156,2970.070966416228
1346,2945.587751485382
17981,2464.606404982724
34600,2562.5961547121315
11836,4487.975565824092
7778,4568.479366462363
2116,1740.0665791890706
32605,3639.05044770484
6465,2363.424696229472
7577,2304.26490950692
12571,2053.713423339502
28560,4665.202235484146
6024,4283.5117270109495
10090,3272.7963935292005
13642,3049.1926674052606
8135,2365.8354541079716
4815,5122.292052695337
9312,2736.415430237049
26656,3109.7189547693947
32203,5435.435748321958
30754,3495.7899032511154
4518,5094.869758643231
26391,3447.7509002026904
24625,4168.667911767894
18334,1495.8947990157226
28296,2880.011460595512
7911,2145.231822175756
32406,3431.3562662840727
27642,3009.413300745543
37143,2880.696119286912
19460,3686.2656692952332
34233,3657.094545415578
39407,5868.1004041348715
13912,2591.0460583752424
3930,3101.464384632353
21152,4353.864506040331
30438,2155.1881601906366
501,3094.37727177906
532,3112.956698197966
31717,2653.6028762910305
5961,2308.4769272642875
7861,877.951615074533
7294,3371.132011576296
7656,2600.3348511453187
25247,4282.59774155835
18685,2657.62561908359
25115,3326.193953189119
14611,6910.6378169968775
9207,4192.698463101928
12758,2951.088487463575
38723,2886.0269890101263
39487,3993.9496830982953
15134,2161.5010188632705
34929,3021.60936745896
24429,4633.614626012184
12184,4319.14505574272
26824,3368.1605015049568
7852,3094.3188218938153
35427,4788.728334459496
21981,2794.2252076490513
14543,5583.681699312503
27348,2632.5057902352764
3074,6116.529617194029
5478,2015.3077541962546
20550,4381.426986902565
19948,2712.0824769614037
20055,3331.735181926725
19378,2182.0611150617906
30092,5172.865459650309
4559,4195.175583791899
30114,5623.88672659397
21528,3141.4755761972024
10279,2473.046279225146
39226,2156.3329150590685
39519,4198.120774674712
1332,2727.3617064550845
22761,2912.996881347233
29417,7675.678396237783
36824,2423.397488344021
24377,2207.6809673974376
278,5410.391688685015
14313,4686.501230360194
10734,2138.0478489992593
5726,4195.698031893282
6592,3754.959816511037
35146,2974.3044632408146
13504,2609.3698413217435
27294,3214.473045045849
22053,9484.647599064298
36201,3407.8181187972395
7401,1998.4138933145618
11533,3196.2870305037436
10963,1892.9724943362064
374,2795.2301308341725
8193,2816.3334869256487
22283,3503.3561597879793
7462,3074.772128892225
22210,1486.7439906498466
24131,2437.1781920439594
37630,2352.3610252545086
11149,1316.7188852243307
18810,1769.1497493606987
13353,2891.922383017919
10333,2831.776355764676
13916,2168.4582325199117
17636,1365.4228005487869
2351,3030.546970180706
28085,2796.264424793035
17079,2777.8857207830833
34401,3032.304529204407
11069,3556.08022169219
35019,1082.1460497981711
6133,9334.562229568233
3416,1768.6588271595365
7516,1941.4260221792922
16178,4271.890282503691
12472,5622.270444883918
19821,6434.93664280923
20680,1688.5188654938452
11905,2148.6056362137642
4506,3240.577122672169
14009,2666.1380158598818
18479,2344.422317810162
39494,3510.035945711341
37673,3031.9640930960936
32212,1523.2073284551327
8278,3372.7014716641006
7743,3236.5619968829214
20352,2110.8803280344628
18123,5022.392109138482
27844,4728.334423608427
3698,3271.1859880656484
24294,2161.3097039022687
10552,2243.2640355165486
128,2516.9781224560784
28426,4336.689832795985
19720,4721.271923809401
1640,2282.4255415285797
20112,3059.2623148965154
8687,3397.6020911258047
9925,3112.4372014191595
36861,2908.7311022626677
33976,4817.165431962656
35278,4263.366535274558
33520,6280.699902314323
21616,2034.2358070298599
4800,2232.957648792173
396,3284.5970465253813
36927,1929.6210402195243
39404,2227.6914332253427
6400,4577.67070069928
25740,2935.090197085005
5841,2552.7276711779045
18508,2383.6521607212476
6246,2560.0144282713663
23105,2830.1086145998634
10765,2975.5328018001865
26862,2802.4214319817834
22593,2802.881523472567
9072,4259.823533776962
2992,3687.789168223975
23421,3087.4777083266404
33353,3074.596429463106
17874,9653.660565425056
27039,4363.134954006513
18638,4944.7682449921385
31888,2966.9348053664885
34960,2555.949173407181
38368,3123.704246864826
22833,1878.0228427813654
748,4460.743891319056
7722,1933.4060463160329
4308,4801.150081681499
29406,4737.517866811207
31623,3908.475735354153
22774,3200.672259095617
4178,3728.344201326579
38636,1895.2656224481098
13177,2839.7270591150914
38524,1350.1253974933695
17258,3179.8250273335816
30084,3124.5696693743494
31939,2605.092949044552
9561,2983.2195932722834
28660,3119.6479263385577
16115,2526.546230620579
14365,2704.273079214636
24967,3367.8630731458384
37419,3048.5634190766077
25695,1909.9495628567456
23262,5207.872256899045
9116,2127.3844586760983
13143,2957.3916825147053
11347,3705.255205538885
34224,3024.8336571632685
2624,4281.03451658193
32150,4404.783833424052
34783,4950.030561003112
2507,5618.5026420358345
14044,3208.437201007169
1179,3147.3167239870245
32219,1443.9634654633503
6646,4639.108198008115
26254,3584.3622703182155
23440,2036.3018011681584
20305,3429.1448338235373
24866,2787.297130792561
10308,2734.337614464186
8639,1428.5621667010482
33552,2673.6034686523735
27568,2129.035438853649
475,5126.051562383594
4201,3208.14487642757
38509,4288.814018675656
16899,1796.9705653355431
33912,3021.3891416843203
35787,2437.32657894494
30148,3541.934990005173
34852,3663.676622579873
928,4497.956703560551
4968,2998.8054141939783
27231,2397.7464852603016
29655,2274.9324289233996
34440,1809.984938929631
9641,3426.915401244997
7920,3271.1619422474505
39410,2481.104748214504
26780,1926.235645441091
37523,1594.2322899132487
22755,2932.5872562833792
16113,4591.68873935867
34104,4653.523175515213
22023,2749.3610750053463
22939,4022.1436572062044
18507,6436.923025555432
20822,1938.9202997567058
4949,2445.29252649792
457,3244.3050651879307
31460,3973.9383039836166
6169,2272.6581471862564
20453,5205.277220450131
12093,2677.325994319216
34795,3714.073307789023
24280,1718.0153284667588
25050,2277.619406068519
28192,4752.3071792288465
34786,4409.99874343123
14545,1963.6390971333944
33887,4424.459020891182
1219,2060.4838813225606
28578,4446.753519199096
15135,3245.6507756188903
32683,3096.5907987667565
17511,2721.8113249948065
11682,4305.174289720056
32615,3157.43561095476
9880,5893.83607890424
34132,2940.448121577457
36377,2961.9339729319286
13226,2752.502134369739
20046,2282.63493192988
15971,3294.637507306689
15676,3436.768004938356
12092,2871.4699942043267
27960,5347.305758448886
6515,2612.7997411593415
6049,4075.3061496634123
16315,3062.9748809146067
22996,2864.1293492168875
9303,2658.9026298827234
7780,7836.44592524067
27754,8006.258181362391
28518,1763.411810568915
21622,2846.372781455978
25603,2775.433149520201
8969,1798.721913722944
22527,1473.2885260862402
25528,2451.141095628863
37653,5729.5928232959095
27316,2545.777804300708
14363,3892.4646999311126
2000,3687.9957960520687
10173,3143.119119169001
33594,3191.7545822917937
4,4146.488394731154
8690,4085.8544420349785
8022,3283.7387087621287
3105,2484.0388241472006
12711,3057.7030741329513
1668,8792.099993657519
11635,3704.57517540582
26459,3206.246809241613
29507,3718.8864014216256
19872,2014.275983369841
14699,5650.807493850383
29805,2609.1663935113256
31536,3339.9161777104023
9584,3431.5972357791784
3899,3077.6400925601106
21135,1581.489910995623
12082,3350.024295541266
39274,1735.676760283839
10539,3840.703351048982
27837,2461.9306223308295
28676,5185.260916209325
31760,2868.7597658458753
772,3654.4115853377043
25764,1862.4246652873933
23687,1213.004110507814
11770,3451.629522631584
12214,2891.825486081224
33970,2109.2509498433374
23455,1631.772513178918
3502,2327.8140411763816
4347,2850.5800474771618
13972,5884.6075894319765
277,5099.466327104081
38229,4103.163531692389
28777,3111.595649114332
36100,1921.584357992161
3425,2540.858156225561
14848,4828.2936514587
1912,3620.5641743696815
17055,7234.090813835978
29912,2372.6174398550916
3161,5465.423585511557
37267,1982.7424909702631
16860,4202.968544821592
31385,2332.9207626282027
7672,3175.223961856114
23024,3192.871356781505
29392,2481.877017915204
15951,3993.486495361942
7571,2112.1477337051847
22810,2454.7713490916503
12782,2898.733237703998
9806,2639.7487634042122
24906,2671.7783446275143
10657,2667.5700607822027
19848,2014.7393800557195
9568,3086.032248503949
34381,3384.5688767325746
9747,4292.939819550058
17915,4201.673158544962
12705,2440.8429673323003
261,3047.5422743099925
32024,3589.976075265881
18406,5554.696303714583
2744,1234.4114938177167
32783,3176.292316508755
12311,1794.6590417878156
11501,3353.1035795923176
20592,3839.2124146909955
26634,4279.839726082511
22517,4224.4027935188315
32834,2838.710257150749
20919,2827.70274585786
1427,3127.0237612416395
2772,2870.6627699697265
27080,2229.278090490151
9666,2072.522351808915
22086,2985.759735396331
34571,3103.139760483359
21723,2554.6308747569074
9687,5263.028786695808
27287,6313.353978862261
28819,3240.640555309597
1801,3219.464407267971
21866,6543.33355024549
29278,2093.6590602142483
7794,1998.303971722837
9419,2418.2287119657685
8090,4241.073215192149
16866,4636.905354370292
1285,4936.408256012632
27847,2924.306502089988
26568,2721.260758134905
1901,2063.7510740238713
10410,5135.748123311429
4867,1608.0933571083247
1416,3504.685036298751
34433,1977.4393112852756
29568,3550.7778939383384
11732,2264.3067423959737
28990,5659.622539159056
17847,4915.103206873204
28181,2014.2446990008664
566,2329.492329548608
27131,2439.228213976765
18561,2708.690230073783
16942,4090.8145589704586
9842,2217.203196978893
21489,3178.4140468313562
39152,2909.9868622995446
27550,3702.0372977575466
6915,3116.0091673819848
18934,4975.594944121814
7845,4462.122888727916
6682,2924.9804612099656
24609,2520.3690152362956
32055,2544.2083777848857
37602,2952.651689462406
21893,1753.7736403565887
18618,3759.537056538768
20741,2393.394541680217
11015,2463.4558527237496
19718,2371.104057419247
1052,4716.896722107436
32452,2925.9433772395287
15215,7261.355195013338
24872,2177.26233375638
6892,2599.460793997785
32662,2676.316670997121
4639,2954.8487821199965
26136,3163.3283336849054
1012,2040.6039563484596
14320,4324.773167766944
8317,3471.9680510386256
29420,4322.411806674955
1109,1788.7773753714848
13077,6958.576220429013
26767,2739.817085274084
1107,2671.0696514686115
28056,2967.5189278835164
1133,3010.6746056162374
6870,5225.455845170132
25913,3593.172634911773
19955,1909.610192672685
26165,1314.8283085115718
33651,5070.17498399344
16441,4229.719343871807
7643,4037.486766106597
11917,3444.925359225283
20441,2602.357494018969
25381,4221.359994075008
14766,1752.0522555488924
15337,2592.5667923639544
33725,2344.18775893539
28872,3538.4162146006365
17208,3034.1096305260853
14200,1969.1383032657643
23220,2929.634250672236
1491,2051.225384362009
39348,2774.51431717248
13066,4611.383137885816
17452,3945.3108340913823
6442,4823.497601457125
5881,5358.9217213625625
24553,2671.530049911791
11444,2801.1598067978794
26931,2437.9350420134197
24632,3761.110238099529
20697,4121.1395495238085
3269,3823.1105164955898
14293,6186.865978453169
36197,1471.4186052385444
4421,2363.655138007652
17082,4446.076321579621
13810,2298.685099430052
9790,3587.9598113635893
10421,3484.506105927237
29869,4833.138135105248
37062,3133.017607149669
29003,2862.5214899670664
1090,4784.08547407387
31518,4275.183218925311
31876,5049.463328365886
18186,2921.292542340465
24403,2255.1942545180973
1048,5053.822728737165
39262,3767.7948178346123
23607,4638.821315984196
38119,2704.2740388145025
15503,2582.857640608928
33829,2497.200403065168
20066,1566.1544414525215
33958,4453.1476617445915
31256,2988.220478540178
27709,3319.620364686225
33490,3344.1605473689997
842,4678.986775711754
25189,2660.005262184153
13131,3622.191881205117
7289,2084.8807705079216
5751,3375.9918117473426
22803,3997.7782317403685
33646,4864.504123655593
24893,4587.287865829692
6904,2315.1056999372677
35083,6036.118772615024
13430,3140.0252921115107
3193,1752.7433168797736
24990,3682.149081448985
23566,5468.037747385785
15019,5719.556130583391
573,2927.406558834675
39385,2040.8501712951656
1465,2183.137682266348
884,2635.1743481963454
9025,1460.0802341262852
17998,3671.16252473234
2029,2664.6625378575036
3933,1767.5953293327289
38763,2729.705866975939
22735,1550.8854792113702
26139,2651.182700255712
21433,2599.389085960658
7573,3838.2471770154816
18521,4128.640662623968
23626,5823.486599703385
38918,5111.674300551766
31872,2745.0971511564658
28592,2822.0879933748506
24875,2086.4426047506868
18153,2683.190953098061
6536,3021.0909029023423
19512,2386.615859295638
7964,3428.53079511155
31482,2440.1819515313687
36731,1766.1192200840255
25726,2584.525355238775
6885,1778.2484652572605
30860,3520.9293634818287
3836,1850.7825721895374
19634,4336.318549045496
33864,4681.598881450797
18829,3411.362814221377
30071,4860.314708404905
15315,4214.065563334289
26457,2295.8815401544434
1108,4756.940700772501
29700,3179.9966027402997
20490,5863.16482212811
37530,3424.4179044979996
37818,6102.437027152402
11405,2914.6986634716427
11499,4263.688195447214
14894,1383.4364550623309
27904,3056.350196064724
17039,3112.132632885986
18200,2764.5808380251447
33942,2749.2048987529006
19117,3018.8609744499463
16214,3053.3761135128766
441,2920.798459972496
30493,4454.219466664348
9205,2029.237530034552
16719,2674.7283615146594
20970,6358.0507852198925
28136,3982.976768932474
491,2598.7281232024106
4890,2288.3784387454225
21967,5869.706494157079
12802,5274.923870737475
34342,1429.6009402529576
10533,2531.533460224209
7499,2161.246247444701
21941,1977.9508351230627
31297,1886.8319574765255
16470,2929.7490035386572
1339,2918.295676995441
11014,3870.466239718768
27988,2681.132241021267
36009,3219.476040845757
12843,5655.780898066841
18128,3999.013030072018
7836,3408.9331172075827
33283,1561.106223058224
39098,2006.9139288678225
17660,3023.581940061432
28170,4051.352408351128
10630,2926.2153578461503
3356,2808.253184745765
10422,2702.698428944552
36646,2176.164851264034
35102,3055.40089839879
22941,3487.4365336981127
7578,2574.7684332571403
18159,2360.2977124013532
18749,2240.922746317211
18986,5106.627273718598
31949,2056.017226278553
7822,5602.881350419493
25261,1671.2691787078766
6394,6011.855129500935
29637,1891.0539876874648
6204,3809.849137484536
5233,1737.2623553100225
31593,3218.1256135772396
34038,2055.6020574447784
35575,4420.789546323852
3150,3569.397783127075
14321,4704.022689531724
4650,2991.055980215965
14936,2678.7611733285175
25078,6143.630108158146
2622,1934.4726624635489
7600,1852.8241418987106
18718,6127.097391483444
22134,3337.548222380376
31382,4165.119002586253
29356,4272.311915265546
21294,2019.0209720758498
39550,2706.31660528269
7168,4704.917130123531
13617,3126.879933358593
10276,2278.88339987809
26412,3313.286016101865
10470,2818.1968994190297
18607,3101.6534917453155
861,2915.5209014697193
15420,5564.984925331826
22585,2257.1137104822396
22786,2274.487744584225
12895,2352.9651971259145
31766,2777.735681082194
22681,3686.9866912534126
13095,3372.3020045284147
7948,2657.211563321644
268,3343.020964644361
6604,3289.8297581731154
6863,3127.9846471939213
9097,3511.3213476777746
18683,2786.6428730370044
28688,1952.585350656631
2496,4487.471208384616
33230,4785.309648163021
24483,2850.2474614899384
13974,3036.48996573641
19785,2016.0332527543137
11550,4132.970022081057
22707,1886.5566114506319
1423,1522.2771978696833
26826,3139.662657139824
52,3174.588504255992
25297,5666.264056449213
1846,2038.7211809278544
36003,6925.955875633255
274,2964.242095341258
24349,4095.6839387154696
27786,2750.0662548850105
30050,2852.1942523895423
12422,2164.6831296351893
19957,1862.9571508639374
23314,2392.0166776234337
29930,4008.0095430575984
34076,2001.0443781439849
34421,2689.1370446331784
4726,4279.553629504868
28789,5832.653400581676
25306,3118.8207117055526
9403,3435.0136681901545
19792,6706.786529475784
19959,3115.008056499347
22892,2313.2454030020053
22900,4359.873218629514
28510,4477.461673507402
25157,6181.741271203877
2081,2222.2200614843655
34749,2423.117605619687
17683,3524.857689069763
29135,3996.1828811174273
33083,5167.35080525048
8504,2458.3525348698554
30565,3148.179417240876
37470,3655.422956403253
4657,3661.719622158769
16242,1717.7814984079514
36895,2986.605216832376
31180,1783.1529964640445
5034,3256.9137851669607
2531,5354.210288706729
12179,3337.2710208565845
16953,1706.1850126074748
21588,1571.8626580674052
6663,4163.122977883386
17723,3022.2887085390153
15978,2236.236068962715
15097,3505.467279773072
4850,6392.1039373340345
4325,3050.218231228651
19916,2521.3577033488
13462,2081.3324598201357
2348,1578.1265184159338
6267,4854.866997955305
19393,3711.6245214285514
29868,2745.970116664634
3519,3399.364835071543
30498,3880.5910805911712
19140,3365.635837384749
27795,1981.8578980321429
9595,3670.061033810068
25469,1320.6424436284851
5533,6559.214922285846
28832,2728.006492213055
36094,4629.7135650313785
17742,3220.290832157128
32222,3540.593280335109
38015,2462.4560062474097
35181,2628.5038410402112
1396,2221.770703827603
21165,4025.2229850651674
28912,3646.517578504281
23,1929.691397724135
30731,2082.8349758562526
9640,7058.552286220425
940,3654.4515233667253
35601,6059.674017271627
10490,6203.92126570253
8426,3400.8439058320296
3510,4668.256935494161
25871,3912.3411950721784
1188,1976.35678648482
4449,4783.162414223081
12909,5175.763595576394
23735,3435.883888073328
21141,2929.3414751913947
4146,3036.8276516783894
11890,4076.1317967098325
26354,2726.4141478524134
1788,4844.509508535457
9619,3369.383142173334
39187,3198.098128256407
39157,2662.204216664589
20832,2749.710679980748
33151,2049.0160977551095
1623,2638.016272512934
5954,5158.347802461396
18217,6844.274111832738
17319,4879.023957789628
7745,5223.22697718499
22158,1868.1277337104739
30528,5508.093422594323
8324,2551.6043173505186
6603,1704.6365317552845
20347,2894.85418598558
29653,2670.9604241055004
35830,1431.3300447514737
14273,3194.457098972747
22154,4861.615487953998
16701,3541.0224831754044
14851,5820.149823693854
18126,3179.906816551059
5882,3871.7435528642854
14528,1684.0175432833544
39441,2768.0902266014946
34067,2452.800766108142
308,2164.5313533119747
6911,3000.369691525375
2247,2574.4532095569766
20835,4649.943573975076
22405,5145.697252570333
39567,4846.2227220548775
24646,7454.221210232014
4455,2770.626745434548
27403,3283.996381159364
14344,4603.700782735909
4756,1969.3635393826048
10598,5414.140129007361
30617,6668.932246066337
5809,2776.5011272076113
21367,1917.518621809499
14617,2267.3231205729267
15335,1491.1627879621046
29370,2755.009766539684
2138,2505.808399895929
12995,4394.696897031306
29522,2714.516034890526
5646,4184.402746050447
4824,3405.942036429358
32533,6098.501181961399
1570,3108.2968794915773
6244,3171.261267752915
30491,3674.4495841845587
36931,2034.751259560565
38196,7630.858816638886
34269,3847.8365421085136
19437,5599.285013682134
23375,2609.91763840364
13256,4435.424643880091
16235,2574.3524934932293
24793,5369.099437051634
20117,2336.2468332220433
6585,3154.4219134685663
17505,3696.716905268846
15214,2829.81229770179
10656,3257.0070262566323
30389,3061.7948372250994
2273,2054.1591015214685
25617,2251.613249339185
26706,3228.6448731891223
19992,2145.5423137713306
32624,4730.37995006676
22586,2403.9625911740127
36274,3266.0401009035577
14068,21807.721647951577
26150,8285.980663461225
3946,4691.430701134941
37226,7416.243479462495
19327,5221.880587001237
28088,1938.858483784758
4630,3556.9601757420965
29383,3328.256030066155
20632,2178.588059148142
5426,3314.445033168256
14223,3078.5670812895037
38009,1546.9634639539972
14272,2451.5956984359727
16655,3354.0036259936896
19062,4835.353040471515
21041,3535.723886971641
25407,2847.7720576086267
2323,3092.720081905947
27625,2161.3453586164565
10063,1926.581371956823
17411,3501.3254930677012
1113,2237.0760526200997
6860,2096.392846777964
6650,3568.023507753601
38845,4808.975130675646
29384,2177.336721887648
14145,2459.8864522222234
12440,14568.740403563212
31641,3813.8195566869917
6482,6231.2570269270545
1576,4544.68012905731
23339,2704.1591819896466
24238,1683.9184588741732
1603,4445.09784097737
8374,4304.10374170901
38935,2253.4538203614898
15071,2838.872442340199
585,2681.038056249138
15566,3450.6262408958405
10930,2580.989383908978
24325,6121.245801727312
5195,2338.532022840656
18773,6886.415854075649
25972,2402.2645995559883
20374,2001.003502907307
7028,3163.38857328124
14652,4254.576100486825
38624,2661.8509322214713
3737,4006.009632871921
4400,2454.548588380654
19891,2605.7207700126028
14668,4929.76535651185
35228,5459.4508420653765
12066,2337.810038680849
37166,2987.2391934840834
14146,7011.599381849057
23002,2393.533196766614
4237,3863.0864858146983
16381,3731.158554755024
6361,1793.0890813871597
32361,2291.1709545419917
21406,2863.921612867648
25747,1897.3479668753996
34137,2567.8422802750756
34853,5675.194527348234
15962,1976.1313891269224
22661,3567.6043129895693
34130,2406.3266890120694
32168,2517.997813231841
25202,3190.53435482503
31227,2911.6370871949102
20482,5054.769604262049
29818,5074.496733261174
24630,3542.0414596243013
13053,2765.9517229210073
16501,3359.00937844474
12341,3294.6312226117293
33500,4666.470271961558
26922,2434.0436978899143
480,2988.310671147683
4619,3268.028563393223
2135,4288.286086593611
22329,1976.1771750621026
36018,1865.4133984023392
1165,3220.0688463142756
3843,3044.638554260015
32382,5326.150847894873
18404,3051.6198173168573
39194,4102.205305191323
26075,7642.760367858797
31435,2486.5356407848935
30937,3908.09175301768
4047,2980.2274891791863
3635,2602.119100834562
12024,2773.9015640066154
1819,2627.584419274449
20816,2432.4670351067216
25386,1691.8418630261035
35138,3771.857331539796
21306,3789.1968238180675
1807,3303.37387530215
17008,3481.6659152957445
27991,5092.910767269064
5040,2879.6193917623114
39478,2933.1554037771193
7569,2934.7634574858307
21807,3310.5414950203185
22471,1694.3112191191558
19223,1940.4214901324608
5148,2055.4682114609677
7579,9941.194308343158
38923,3518.134139601904
20248,2014.2852347442786
34924,5292.006398982037
12694,2418.0412058462452
24471,2016.687820632435
28827,5534.681998915692
6926,2517.4423686854716
39562,3972.7092449821535
17428,2838.4461384257584
9235,2228.191909659684
24697,4284.177488655776
34669,2621.9835569208485
38626,4930.323375457765
11585,2441.2394165793053
9792,2444.9479667149135
18887,7137.3356845833105
23158,1512.9834758884347
28465,3058.0753531809037
25319,2188.1469201297305
20250,9474.334160745235
5455,1294.6470889313964
28580,4717.509502349636
2741,2517.279430050026
25352,1903.3041310595845
9273,3134.709024548653
1590,3514.2805961091544
4672,6350.291281522801
15578,2266.587439989305
7665,4889.173533877807
24422,1627.272045079731
23942,4367.66780612681
1240,5424.4247324357875
25423,3071.9340642258394
31300,1967.8542778900014
9238,3182.306171039312
24779,2911.6467534868325
23034,2444.2667852302725
9936,3425.520003029635
21126,2582.4426154398516
27432,6673.240895314428
12837,1782.1172844580267
22881,3204.649221728302
34298,3383.573371761247
12783,1968.2159740846555
30790,2412.6967006714976
7950,1552.3599691237598
22016,5002.157990811311
31903,1632.7203833288143
27338,3909.011017921329
28086,5170.077909301059
15871,2795.304776168322
33657,4151.066781257702
14290,2660.5554439497328
11153,2291.4507172172157
2237,3048.541548645135
24149,1967.432002246288
36958,4224.564001887639
26067,1296.8621648342032
15039,2690.9199770534547
11470,3087.8125661975478
18519,3478.9116943371323
37679,5078.226415615521
29627,2578.583072307697
26576,2977.4749490190666
35615,2329.7419854615187
5843,2479.695623873636
21154,3750.676290665819
4740,2508.609553722463
23879,5733.554474824281
10917,1947.8324660919845
37659,3763.756623644403
8919,3513.485249420603
38287,1451.6943701240361
430,2406.705224451339
38856,3332.9208181517542
12848,2108.9142756575216
26653,4107.024141140171
9420,2819.3741346606384
32996,3476.0289731979533
12701,7258.975302187502
24542,3126.9352280369158
12503,4062.836595699944
9469,2895.0304153275574
17277,4189.969088944956
34333,4835.446306087147
75,2124.135204379057
13166,5160.955425673666
36651,2924.9394017140976
11797,1889.3710090457148
3488,1991.3087058841252
18679,3217.774951056869
9284,1649.171434501728
10595,2408.104650944464
11749,3898.1406906819325
37061,3167.3144286371376
15695,4119.84338905287
708,3598.6950342521927
26650,3789.7915671359306
13549,2660.517906322033
35075,3089.4810995302123
18282,3953.9526535849664
10210,3922.346619812671
22638,6464.832396297421
36462,1577.1277694021335
29724,2757.3757281208705
7729,2955.8149737456233
34250,1682.670752779713
21073,5290.873577197509
29330,2196.18372999935
17703,2910.1222793319653
35955,2521.6611445232666
10012,6638.325347600627
2982,2024.2203910218805
26881,2537.7978839787647
12736,2107.6326608762956
16721,2939.3721066527287
16377,2274.238779806084
32586,3052.380949202436
24772,2337.213849304015
11327,5456.095455346673
1412,3700.9656973381125
725,4427.368400572801
30017,1613.9751575181037
23830,3434.3424599057007
25399,1958.1091257497126
3548,3463.2019795641154
16483,2927.108833832373
9381,2532.2550993622835
18408,3789.8799203646236
24499,4160.998192724666
39126,3496.7815971431287
17639,3720.1934744117452
776,3249.3297020470013
4548,1469.7359199475509
14525,2783.758347370267
37008,5301.200465377697
1,3219.837935990258
1876,1223.2070907181574
22389,1383.6586209451743
28773,3397.7307503576276
6542,2346.397037014557
36790,1701.0614492792183
28292,1712.2498154298682
34147,3625.94550033398
20606,2889.605088406441
61,3128.4731811445927
10982,1219.4489944083452
35416,2676.474227591567
30170,2877.84844807735
29498,2952.7017613865614
31464,1825.2627896202998
18872,5052.4211416143025
17609,2557.6001137383846
11973,5316.613696341147
35017,2985.386034046946
37596,3165.4564183241055
4351,3043.930372345128
32145,2781.097161772941
35277,4705.606235015648
27635,4613.787991058859
26317,3007.1183524891135
4750,992.0360961553047
26152,3131.3037548115003
20363,2651.2838401238173
9672,4484.490421933551
13557,7479.992207515263
18396,3097.465720809811
4974,2490.696869722493
7330,1673.171173233575
10065,4217.912635072007
15406,1802.1209011894966
21934,2577.302232587113
13307,2534.7640753708984
19860,4636.21898615485
31020,5015.533187229294
18553,2385.340786963373
438,5274.155515744798
17222,2998.901914365001
564,2458.2800012163907
31920,4260.644882974996
29859,3635.944594650098
23811,2784.800389918095
25508,3344.12704343497
39621,6575.546472500584
9548,2323.3178590444118
22395,2788.232255046535
8492,2092.404312486201
7402,2444.9631578161443
3619,2551.440263123297
5732,5151.103579246304
20233,3750.77448676273
3705,5742.986650392448
2525,3838.439402696641
20057,3076.602696292238
10359,2327.105060285061
23784,2771.3617343767037
34590,3184.489518394596
5199,3353.1196036834317
16141,3076.8755807844773
6334,3905.988089435833
10838,2992.8498543155456
29870,5599.8409678217995
36738,2949.24837432689
31267,2969.4986029604393
3318,3460.386322785025
14869,4686.617268226916
8735,2003.620313887948
15731,4084.142283005223
25756,5393.0651295123025
34985,2658.1437589621582
35511,1348.0457007782543
28944,2601.851654678877
17825,2268.413043366888
15617,1593.3054566252376
24728,3776.286686969444
911,1977.9094225095587
25542,2313.2793552579014
33308,3419.7359090112404
15771,2734.988282639313
34160,2096.85778831121
36313,1554.3714660938656
11717,2754.6455435516455
20846,2947.154287976614
19564,3927.487305175384
21394,2987.094753835289
29874,2167.3273301804534
5262,4051.603726581237
17644,2136.1552682720753
23910,2760.471313156462
251,6140.345194625733
19647,2140.4351072783866
22498,2786.5184900579834
9311,3422.45210869514
31451,2585.8678072410235
12619,3857.0480508196983
1045,3631.414314648409
22683,1171.8288119005138
14163,2880.2778793987472
1704,2966.6413613049226
21846,1989.2640104976342
37238,4093.7331087307107
15546,3430.383814605389
28871,1978.9483191087422
24418,4457.658356352916
681,4676.04494817016
35447,3329.7106936184714
13278,4596.0735668393445
14508,4228.863072990597
21055,2814.2793900915035
23068,2589.9150243659183
31894,4908.566078711464
17419,3425.7725712819934
28025,4855.194283871039
35420,1516.8178115945848
354,2812.766177455068
35047,3236.3265614587726
25853,3456.0994687272855
35726,2600.964024941048
6188,2433.146752016426
9351,1975.3361471077271
4990,3539.4441872380567
2561,4449.328914895509
8807,1497.4288925011567
28954,3344.4911222715327
36512,2548.080561734244
23204,3400.5588820903195
14206,3336.9311828739683
16169,5282.320052670694
34846,6293.278546097957
7375,3763.1502907853965
23734,1520.0100034104078
2229,2186.5685766480924
7487,2575.2631662828776
18841,3827.3153642889583
14914,3238.298167586064
6835,3439.1375163205944
15742,3140.360180503004
86,4810.616151542133
13630,3389.82889525449
20525,2322.3627062419177
34781,3351.1089787551164
30514,5348.283628556824
35621,2664.1230092204974
23229,2997.7682872944115
3931,2603.3548248834763
15341,1684.046796181861
39170,4192.122986195789
12374,3033.109291062913
19048,2703.5009459526937
34949,4975.296312176111
37547,4306.126122998878
6481,5111.772726654922
6868,3636.780339244906
10926,2066.444631633855
12893,7028.8524307985645
19735,3236.5035025759
5215,1847.2315556673313
18035,3098.1139993654965
25332,3829.4541271198486
35699,2576.284483103782
28115,1598.1599953992732
6206,3332.0884680645217
19535,1111.0122716362152
22269,4536.366065532184
10854,5729.1756690626735
9986,2791.637759566179
26994,2236.074890223861
20361,8175.9037874033975
4810,1741.9931710202322
31249,1600.6895074870251
21970,1983.3164572678709
20177,5125.239074879581
29261,6056.55179721707
19387,2994.7499179875326
304,5559.894982596096
14299,2973.2628804974147
21010,3234.888926870438
10369,2232.491135772624
19543,1495.289566259797
20628,2854.9002413546605
21758,2001.8224336996118
6225,3639.1888509461423
35599,2977.936751958783
18421,4367.744218838644
11904,4755.9141694790815
2115,2248.3173597067885
8692,2665.4493568617527
4217,2421.1154784987402
35541,3000.067654763901
16591,2191.123520792823
34168,2285.083380952049
16620,2892.6445918656764
26323,4428.086270872206
28534,5375.948529943319
12865,3595.8163975398643
37693,2985.496450615146
37059,3647.4483798435194
9997,2852.0921877689925
20638,2093.6156461910196
22227,2839.551185775334
6946,3612.333185306543
35521,1544.2435423305762
3077,2460.2972116911874
18143,2960.274627088842
29403,2332.518193713073
14576,3431.5457980963297
11644,2078.2883699726463
35816,3536.450370782885
3277,2967.6090708508987
17495,5144.333403647501
24199,2629.2745624736312
25107,2185.769179069937
7679,5471.49228536525
32235,2311.709935616972
8726,3230.71225657353
24807,1775.2591052420214
800,2150.256419025257
3230,7082.124082429937
21888,1874.3581688514246
17538,2648.558201554347
39461,1961.402307380932
4955,2336.5927352977615
5115,4559.436719134984
29710,2764.597808390438
33390,2934.449273896084
30896,5849.191617128212
11348,2605.015939749118
29292,3207.597563898117
30788,2224.2758117842286
15902,1792.707202724776
37236,3528.856900346591
12058,3607.4616017536837
19388,5287.490107466385
3643,2878.2426033843685
20554,3337.3718052028435
38217,2613.622050673258
17512,1917.0641857256348
28061,3520.6551525740047
21481,1614.7340121711975
1864,4081.0044728866046
34907,7311.619136065118
26985,4608.694962241079
7336,5233.353602138953
10732,2469.591273623057
32380,4558.158362094762
30609,4092.100862370762
36360,4414.133965327459
37995,3353.1042131012127
83,1598.2091690116586
979,2458.904353914543
27263,3146.2744213666306
28487,2954.053188790609
13325,2282.353993179691
31423,4156.430002902774
1599,2847.3104486822717
27102,1952.8706272025802
17876,3074.4110238308713
13126,4572.701729837771
24020,5783.846848440017
5511,3105.401340316619
7752,2928.079583050392
22213,3710.052170274034
10217,4274.210056713666
27054,1593.072914451503
6134,2447.5823028634873
14121,3531.605451558402
10075,2654.668094536577
31917,3904.976861190218
29887,1326.6716497161608
18701,4476.056749629492
26269,4256.251409656146
11368,5129.539909226873
14084,2538.6358066691646
32549,2388.907431165204
28248,2012.5453261450948
15484,2792.7182040198427
14401,4096.733832655132
14597,2598.0139187975424
12740,3314.9354764118716
26286,1513.5632063893902
4152,2585.2134348627383
27744,2741.053877436551
19108,3766.5362135847918
10454,2084.859667236563
34389,3839.9295587586
8247,4801.658152532136
9061,3024.022174493122
20563,2455.7364874810214
3986,2578.058934856986
14686,2447.8517169348797
3929,3376.334225284851
1282,3405.3988637009584
16749,1571.6988847445164
30250,1721.1330798347733
7431,3941.6493302300437
9057,2958.1842390368624
20635,1324.1733746089767
8225,2603.584562931605
27925,3831.689768967893
12335,4310.946060145966
18027,2836.342920786504
25661,2518.0920821995696
19557,1823.6675557226904
36493,3174.119048626502
34143,2918.2866803249435
14335,2376.3908739019125
30420,1807.2447658411004
25123,2330.454682029721
22234,2968.4915018413717
12022,5363.610976290123
30258,1743.6387381477114
5921,3069.6101017390547
4500,1610.9515959469923
16971,4815.9505657332065
21993,1951.7988472356947
31777,2113.5661610032425
17822,4240.316518693921
2791,2096.0753201943244
27617,8368.829720760163
30867,5684.552081760246
10821,5529.489732174888
28787,4599.120226878383
23494,4464.34062163677
27029,2615.2921159897587
8161,3509.866262481859
33404,2300.6539034429543
24410,5827.026851331662
